first_name,middle_name,last_name,nick_name,dob,email,phone
Madhu,raman,Ghimire,Arun,2017-01-04,dadekroti,984408895
Madhu,raman,Ghimire,Arun,2017-01-04,dadekooti,984408895
Madhu,raman,Ghimire,Arun,2017-01-04,dadekorti,984408895
Madhu,raman,Ghimire,Arun,2017-01-04,dadekoroi,984408895
Madhu,raman,Ghimire,Arun,2017-01-04,dadekorot,984408895
Madhu,raman,Ghimire,Arun,2017-01-04,dadekoroti,84408895
Madhu,raman,Ghimire,Arun,2017-01-04,dadekoroti,984408895
Madhu,raman,Ghimire,Arun,2017-01-04,dadekoroti,94408895
Madhu,raman,Ghimire,Arun,2017-01-04,dadekoroti,98408895
Madhu,raman,Ghimire,Arun,2017-01-04,dadekoroti,98408895
Madhu,raman,Ghimire,Arun,2017-01-04,dadekoroti,98440895
Madhu,raman,Ghimire,Arun,2017-01-04,dadekoroti,9844895
Madhu,raman,Ghimire,Arun,2017-01-04,dadekoroti,98440895
Madhu,raman,Ghimire,Arun,2017-01-04,dadekoroti,98440885
Madhu,raman,Ghimire,Arun,2017-01-04,dadekoroti,98440889